-- Inserting Address--
insert into billing values('user1',123,'Sesame', 'Ottawa','Ontario','Canada','A1A B2B');
insert into billing values('admin',567,'Bank', 'Ottawa','Ontario','Canada','C3C 4D4');

insert into shipping values('user1',123,'Sesame', 'Ottawa','Ontario','Canada','A1A B2B');
insert into shipping values('admin',567,'Bank', 'Ottawa','Ontario','Canada','C3C 4D4');

--Inserting User and Admin--
insert into users values ('user1','user1','false', 'Sultan','sultan10@gmail.com','user1','user1');
insert into users values ('admin','admin','true', 'Admin','admin@bookstore.com','admin','admin');



-- INSERTING BOOKS--

insert into book values ('9781398515628','The Spanish Love Deception','Elena Armas','15.74','2021','Fiction Books','Simon & Schuster Ltd','London, United Kingdom','5','Paperback','480','9','https://d1w7fb2mkkr3kw.cloudfront.net/assets/images/book/lrg/9781/3985/9781398515628.jpg', '7.00');
insert into book values ('9781471156267','It Ends With Us: The most heartbreaking novel you''ll ever read','Colleen Hoover','16.77','2016','Contemporary Fiction','Simon & Schuster Ltd','London, United Kingdom','4.42','Paperback','384','45','https://d1w7fb2mkkr3kw.cloudfront.net/assets/images/book/lrg/9781/4711/9781471156267.jpg','10.00');
insert into book values ('9781529360684','Immune','Philipp Dettmer','50.66','2021','Medical','HODDER & STOUGHTON','London, United Kingdom','4.58','Hardback','368','6','https://d1w7fb2mkkr3kw.cloudfront.net/assets/images/book/lrg/9781/5293/9781529360684.jpg','12.00');
insert into book values ('9781786892737','The Midnight Library','Matt Haig','15.0','2021','Contemporary Fiction','Canongate Books Ltd','Edinburgh, United Kingdom','4.09','Paperback','304','12','https://d1w7fb2mkkr3kw.cloudfront.net/assets/images/book/lrg/9781/7868/9781786892737.jpg','12.00');
insert into book values ('9780593336823','The Love Hypothesis','Ali Hazelwood','21.99','2021','Romance','Penguin Putnam Inc','New York, United States','4.47','Paperback','336','21','https://d1w7fb2mkkr3kw.cloudfront.net/assets/images/book/lrg/9780/5933/9780593336823.jpg','15.00');
insert into book values ('9781784744069','The Promise','Damon Galgut','','2021','Contemporary Fiction','Vintage Publishing','London, United Kingdom','4.09','Hardback','304','44','https://d1w7fb2mkkr3kw.cloudfront.net/assets/images/book/lrg/9781/7847/9781784744069.jpg','10.00');
insert into book values ('9781761045820','Death to Jar Sauce','Nat''s What I Reckon','28.9','2021','Graphic Novels, Anime & Manga','PENGUIN AUSTRALIA','Ferntree Gully, VIC, Australia','','Paperback','336','2','https://d1w7fb2mkkr3kw.cloudfront.net/assets/images/book/lrg/9781/7610/9781761045820.jpg','15.00');
insert into book values ('9781974718726','Jujutsu Kaisen, Vol. 9','Gege Akutami','14.43','2021','Graphic Novels: Manga','Viz Media, Subs. of Shogakukan Inc','San Francisco, United States','4.65','Paperback','192','27','https://d1w7fb2mkkr3kw.cloudfront.net/assets/images/book/lrg/9781/9747/9781974718726.jpg','7.00');
insert into book values ('9780441172719','Dune','Frank Herbert','19.8','2011','Classic Books & Novels','Penguin Putnam Inc','New York, United States','4.24','Paperback','896','5','https://d1w7fb2mkkr3kw.cloudfront.net/assets/images/book/lrg/9780/4411/9780441172719.jpg','10.00');
insert into book values ('9780374157357','The Dawn of Everything','David Graeber','42.25','2021','Classical History / Classical Civilisation','Farrar, Straus and Giroux','New York','4.43','Hardback','704','49','https://d1w7fb2mkkr3kw.cloudfront.net/assets/images/book/lrg/9780/3741/9780374157357.jpg','15.00');
insert into book values ('9781398515697','Seven Husbands of Evelyn Hugo','Taylor Jenkins Reid','16.91','2021','Contemporary Fiction','Simon & Schuster Ltd','London, United Kingdom','','Paperback','400','11','https://d1w7fb2mkkr3kw.cloudfront.net/assets/images/book/lrg/9781/3985/9781398515697.jpg','15.00');
insert into book values ('9780593330104','Ur Special','Danny Casale','24.65','2021','Assertiveness, Motivation & Self-esteem','Penguin Putnam Inc','United States','5','Paperback','192','10','https://d1w7fb2mkkr3kw.cloudfront.net/assets/images/book/lrg/9780/5933/9780593330104.jpg','15.00');
insert into book values ('9781444964912','The Christmas Pig','J. K. Rowling','34.39','2021','Children''s Fiction','Hachette Children''s Group','London, United Kingdom','4.2','Hardback','320','42','https://d1w7fb2mkkr3kw.cloudfront.net/assets/images/book/lrg/9781/4449/9781444964912.jpg','15.00');
insert into book values ('9781648279171','Heaven Official''s Blessing','Mo Xiang Tong Xiu','23.16','2021','Contemporary Fiction','Seven Seas Entertainment, LLC','West Hollywood, United States','4.85','Paperback','544','32','https://d1w7fb2mkkr3kw.cloudfront.net/assets/images/book/lrg/9781/6482/9781648279171.jpg','15.00');
insert into book values ('9781648279195','Grandmaster of Demonic Cultivation','Mo Xiang Tong Xiu','23.16','2021','Contemporary Fiction','Seven Seas Entertainment, LLC','West Hollywood, United States','4.89','Paperback','504','48','https://d1w7fb2mkkr3kw.cloudfront.net/assets/images/book/lrg/9781/6482/9781648279195.jpg','15.00');
insert into book values ('9781472154668','Where the Crawdads Sing','Delia Owens','14.67','2019','Contemporary Fiction','Little, Brown Book Group','London, United Kingdom','4.46','Paperback','384','32','https://d1w7fb2mkkr3kw.cloudfront.net/assets/images/book/lrg/9781/4721/9781472154668.jpg',,'15.00');
insert into book values ('9780141978611','The Body Keeps the Score','Bessel van der Kolk','22.08','2015','Psychology','Penguin Books Ltd','London, United Kingdom','4.44','Paperback','560','30','https://d1w7fb2mkkr3kw.cloudfront.net/assets/images/book/lrg/9780/1419/9780141978611.jpg','15.00');
insert into book values ('9781974717118','Jujutsu Kaisen, Vol. 7','Gege Akutami','14.56','2020','Graphic Novels: Manga','Viz Media, Subs. of Shogakukan Inc','San Francisco, United States','4.59','Paperback','192','42','https://d1w7fb2mkkr3kw.cloudfront.net/assets/images/book/lrg/9781/9747/9781974717118.jpg','20.00');
insert into book values ('9781408891384','The Song of Achilles','Madeline Miller','17.88','2017','Contemporary Fiction','Bloomsbury Publishing PLC','London, United Kingdom','4.41','Paperback','368','10','https://d1w7fb2mkkr3kw.cloudfront.net/assets/images/book/lrg/9781/4088/9781408891384.jpg','10.00');
insert into book values ('9780241988268','The Thursday Murder Club','Richard Osman','16.65','2021','Contemporary Fiction','Penguin Books Ltd','London, United Kingdom','3.97','Paperback','400','39','https://d1w7fb2mkkr3kw.cloudfront.net/assets/images/book/lrg/9780/2419/9780241988268.jpg','9.00');
insert into book values ('9789189298385','Måndalen : Målarbok','Maria Trolle','30.15','2021','Activity Books','Bookmark Förlag','','','Hardback','','19','https://d1w7fb2mkkr3kw.cloudfront.net/assets/images/book/lrg/9789/1892/9789189298385.jpg','12.00');
insert into book values ('9781526637888','Harry Potter and the Chamber of Secrets: MinaLima Edition','J.K. Rowling','54.62','2021','Sci Fi Books for Kids','Bloomsbury Publishing Plc','London, United Kingdom','4.43','Hardback','400','11','https://d1w7fb2mkkr3kw.cloudfront.net/assets/images/book/lrg/9781/5266/9781526637888.jpg','7.00');
insert into book values ('9780571334650','Normal People','Sally Rooney','15.84','2019','Literary Studies: Classical, 
Early & Medieval','Faber & Faber','London, United Kingdom','3.85','Paperback','288','6','https://d1w7fb2mkkr3kw.cloudfront.net/assets/images/book/lrg/9780/5713/9780571334650.jpg','5.00');
insert into book values ('9781398503700','The Storyteller','Dave Grohl','34.01','2021','Individual Composers & Musicians, Specific Bands & Groups','Simon & Schuster Ltd','London, United Kingdom','4.62','Hardback','384','8','https://d1w7fb2mkkr3kw.cloudfront.net/assets/images/book/lrg/9781/3985/9781398503700.jpg','5.00');
insert into book values ('9781648279218','The Scum Villain''s Self-Saving System','Mo Xiang Tong Xiu','23.16','2021','Fantasy','Seven Seas Entertainment, LLC','West Hollywood, United States','4.85','Paperback','400','4','https://d1w7fb2mkkr3kw.cloudfront.net/assets/images/book/lrg/9781/6482/9781648279218.jpg','5.00');
insert into book values ('9781510766808','The Real Anthony Fauci','Robert F. Kennedy Jr.','37.47','2021','Biography: 
Science, Technology & Engineering','Skyhorse Publishing','New York, United States','5','Hardback','216','24','https://d1w7fb2mkkr3kw.cloudfront.net/assets/images/book/lrg/9781/5107/9781510766808.jpg','5.00');
insert into book values ('9780349414263','The Hating Game','Sally Thorne','14.31','2017','Contemporary Fiction','Little, Brown Book Group','London, United Kingdom','4.1','Paperback','384','8','https://d1w7fb2mkkr3kw.cloudfront.net/assets/images/book/lrg/9780/3494/9780349414263.jpg','5.00');
insert into book values ('9781846041242','Man''s Search For Meaning','Viktor E Frankl','11.59','2015','Holocaust','Ebury Publishing','London, United Kingdom','4.35','Paperback','160','12','https://d1w7fb2mkkr3kw.cloudfront.net/assets/images/book/lrg/9781/8460/9781846041242.jpg','15.00');
insert into book values ('9781838770013','The Beekeeper of Aleppo','Christy Lefteri','13.23','2020','Contemporary Fiction','Bonnier Books Ltd','United Kingdom','4.2','Paperback','400','8','https://d1w7fb2mkkr3kw.cloudfront.net/assets/images/book/lrg/9781/8387/9781838770013.jpg','25.00');
insert into book values ('9781847941831','Atomic Habits','James Clear','27.47','2018','Literary Studies: Classical, Early & Medieval','Cornerstone','London, United Kingdom','4.36','Paperback','320','10','https://d1w7fb2mkkr3kw.cloudfront.net/assets/images/book/lrg/9781/8479/9781847941831.jpg','5.00');
insert into book values ('9780241396650','Diary of a Wimpy Kid: Big Shot (Book 16)','Jeff Kinney','21.45','2021','Family','Penguin Random House Children''s UK','London, United Kingdom','4.59','Hardback','224','43','https://d1w7fb2mkkr3kw.cloudfront.net/assets/images/book/lrg/9780/2413/9780241396650.jpg','5.00');
insert into book values ('9781529341799','Fleabag: The Scriptures','Phoebe Waller-Bridge','27.58','2021','Film Scripts & Screenplays','Hodder & Stoughton','London, United Kingdom','5','Paperback','416','15','https://d1w7fb2mkkr3kw.cloudfront.net/assets/images/book/lrg/9781/5293/9781529341799.jpg','10.00');
insert into book values ('9781529379884','This Much is True','Miriam Margolyes','36.09','2022','Biography: General','John Murray Press','London, United Kingdom','4.4','Hardback','448','34','https://d1w7fb2mkkr3kw.cloudfront.net/assets/images/book/lrg/9781/5293/9781529379884.jpg','10.00');
insert into book values ('9781841215655','Giraffes Can''t Dance','Giles Andreae','12.28','2014','Picture Books','Hachette Children''s Group','London, United Kingdom','4.27','Paperback','32','6','https://d1w7fb2mkkr3kw.cloudfront.net/assets/images/book/lrg/9781/8412/9781841215655.jpg','10.00');
insert into book values ('9780811204811','No Longer Human','Osamu Dazai','23.56','2020','Contemporary Fiction','New Directions Publishing Corporation','New York, United States','4.15','Paperback','176','3','https://d1w7fb2mkkr3kw.cloudfront.net/assets/images/book/lrg/9780/8112/9780811204811.jpg','10.00');
insert into book values ('9781471166204','They Both Die at the End','Adam Silvera','17.79','2017','Children''s Fiction','Simon & Schuster Ltd','London, United Kingdom','4.02','Paperback','384','10','https://d1w7fb2mkkr3kw.cloudfront.net/assets/images/book/lrg/9781/4711/9781471166204.jpg','10.00');
insert into book values ('9781524860486','Clarity & Connection','Yung Pueblo','25.68','2021','Poetry Books','Andrews 
McMeel Publishing','Kansas City, United States','4.43','Paperback','256','2','https://d1w7fb2mkkr3kw.cloudfront.net/assets/images/book/lrg/9781/5248/9781524860486.jpg','10.00');
insert into book values ('9780141036144','1984','George Orwell','14.25','2008','Contemporary Fiction','Penguin Books 
Ltd','London, United Kingdom','4.19','Paperback','336','28','https://d1w7fb2mkkr3kw.cloudfront.net/assets/images/book/lrg/9780/1410/9780141036144.jpg','10.00');
insert into book values ('9781529029581','Before the Coffee Gets Cold','Toshikazu Kawaguchi','13.16','2019','Contemporary Fiction','Pan Macmillan','London, United Kingdom','3.72','Paperback','224','19','https://d1w7fb2mkkr3kw.cloudfront.net/assets/images/book/lrg/9781/5290/9781529029581.jpg','10.00');
insert into book values ('9781612680194','Rich Dad Poor Dad','Robert T. Kiyosaki','13.81','2018','Management: Leadership & Motivation','Plata Publishing','Scottsdale, United States','4.1','Paperback','336','42','https://d1w7fb2mkkr3kw.cloudfront.net/assets/images/book/lrg/9781/6126/9781612680194.jpg','10.00');
insert into book values ('9781526622433','Piranesi','Susanna Clarke','15.89','2021','Contemporary Fiction','Bloomsbury Publishing PLC','London, United Kingdom','4.29','Paperback','272','43','https://d1w7fb2mkkr3kw.cloudfront.net/assets/images/book/lrg/9781/5266/9781526622433.jpg','10.00');
insert into book values ('9789179857738','Berättelser från häxans stuga','Hanna Karlzon','29.01','2021','Home','Tukan Förlag','','','Hardback','','33','https://d1w7fb2mkkr3kw.cloudfront.net/assets/images/book/lrg/9789/1798/9789179857738.jpg','10.00');
insert into book values ('9781539427766','Punk 57','Penelope Douglas','24.07','2016','Romance','Createspace Independent Publishing Platform','','4.05','Paperback','342','4','https://d1w7fb2mkkr3kw.cloudfront.net/assets/images/book/lrg/9781/5394/9781539427766.jpg','6.00');
insert into book values ('9780141988511','12 Rules for Life','Jordan B. Peterson','19.57','2019','Social & Political 
Philosophy','Penguin Books Ltd','London, United Kingdom','3.92','Paperback','448','3','https://d1w7fb2mkkr3kw.cloudfront.net/assets/images/book/lrg/9780/1419/9780141988511.jpg','10.50');
insert into book values ('9780140167771','The Secret History','Donna Tartt','18.78','1995','Contemporary Fiction','Penguin Books Ltd','London, United Kingdom','4.11','Paperback','640','44','https://d1w7fb2mkkr3kw.cloudfront.net/assets/images/book/lrg/9780/1401/9780140167771.jpg','10.00');
insert into book values ('9781416947370','Dear Zoo','Rod Campbell','11.48','2007','Baby Books','Simon & Schuster','New York, NY, United States','4.28','Board book','18','15','https://d1w7fb2mkkr3kw.cloudfront.net/assets/images/book/lrg/9781/4169/9781416947370.jpg','10.00');
insert into book values ('9781974720750','Jujutsu Kaisen, Vol. 10','Gege Akutami','14.58','2021','Graphic Novels: Manga','Viz Media, Subs. of Shogakukan Inc','San Francisco, United States','4.57','Paperback','192','8','https://d1w7fb2mkkr3kw.cloudfront.net/assets/images/book/lrg/9781/9747/9781974720750.jpg','10.00');
insert into book values ('9781409181637','The Silent Patient','Alex Michaelides','14.03','2020','Contemporary Fiction','Orion Publishing Co','London, United Kingdom','4.12','Paperback','352','24','https://d1w7fb2mkkr3kw.cloudfront.net/assets/images/book/lrg/9781/4091/9781409181637.jpg','10.00');

--Sample Order with 2 books
insert into orders values ('961742670', 'user1', 'Processing', '45.15');
insert into order_items values ( '961742670', '9780593336823', 1);
insert into order_items values ( '961742670', '9781648279171', 1);
